{"cameraMode":{"drawMode":0,"name":"Shaded","section":"Shading Mode"},"sceneLighting":true,"audioPlay":false,"sceneViewState":{"showFog":true,"showMaterialUpdate":false,"showSkybox":true,"showFlares":true,"showImageEffects":true,"showParticleSystems":true},"in2DMode":false,"pivot":{"x":0.41692960262298586,"y":-0.24251508712768556,"z":1.4269607067108155},"rotation":{"x":-0.23903414607048036,"y":0.031721409410238269,"z":-0.007813953794538975,"w":-0.9704703092575073},"size":10.57058048248291,"orthographic":false}